Tip Matrice,Nr threads,Timp executie
,0,52.42867
,2,45.7285
,4,42.28465
,8,132.86234
,16,83.39613
,0,31.52674
,2,40.62199
,4,42.00082
,8,44.96847
,16,50.16124
,0,28.23628
,2,37.65836
,4,41.34056
,8,47.2408
,16,70.99882
